vin,make,model,year
9MYYOKEAEA84HXXP,volkswagen,atlas,1997
D1FPE60QRAQIK3OM,toyota,tacoma,2012
940VTKRRVWY3RZTP,bmw,7 series,1989
JX6EWXQPF0QPSVY7,mazda,cx-9,1993
50OP7XMR8FHYDRGF,hyundai,elantra,2011
7RIU9MJYG4S3MEIU,hyundai,tucson,2006
211U645VDB828192,subaru,outback,2020
BDW56FKPS0DXME4P,mercedes,c-class,2000
4RKGJZOWI1T2EP76,kia,sportage,1986
P1ZSCMO1POB7FU99,volkswagen,atlas,2003
P5Z5ZLM36VFOX5WW,hyundai,tucson,2010
15DTOZ5STHSLMWA6,kia,soul,2001
I109DCNWMBXEK0Q9,mazda,miata,2021
Z7X4IKY3UFN0DSG2,hyundai,elantra,1994
Z3CC5RQNSVSOJRPP,hyundai,santa fe,1995
FEZEZ5EHR07N8VOE,subaru,impreza,1987
SEKNKBF2P7KKG0AT,toyota,camry,2011
RLQMN44EEW1YF0DW,subaru,wrx,2009
IOT860X5ZU2ZUEUG,subaru,crosstrek,2021
18S1SAXT8JH34UDT,bmw,x5,2022
B5APO4LJEDGFJDLO,ford,f-150,2024
8GZKDF6J76BIVISS,toyota,rav4,1988
LTCBW6ATVD1XEUQ4,kia,sorento,1994
N92TP6QAQ3K8A7RV,volkswagen,golf,2007
4H4KFTCDZ3095HS2,volkswagen,tiguan,2001
9ZJXLH8L6E7VAAGU,mazda,cx-9,2010
T2XCB3YYM33MG1ZA,hyundai,tucson,1997
QHAK7MDWKZIRNK6Z,chevrolet,silverado,1997
9WDJSGG0YVGV0E74,kia,sportage,1997
4A8YWY5APYX4L4OE,kia,forte,2016
N15IKPQAHCUA09PC,chevrolet,malibu,1995
LCWBPA274IR833SI,toyota,prius,2024
PDQE97N6Y2C2BVPD,honda,fit,1988
KND1IVXAN25WM72Q,bmw,7 series,1997
DAZV46ESMRWGEBEV,kia,sportage,2004
VTFQVK8SXFI3UBM9,volkswagen,passat,1989
MYZ9VLU8WPFQ2BHA,chevrolet,camaro,1999
QHR133NO3AAMTFPW,bmw,3 series,1986
HKHJG4IHGJD3EX5M,chevrolet,equinox,2014
I3X79955CF72GNNV,volkswagen,passat,1987
1V4KFIWKESVR022W,ford,focus,2009
1XSRQLNZZRJO7VBH,chevrolet,cruze,2000
OL5U7NTEDQMVQWPQ,mercedes,s-class,2016
LNGIXMC4SX27DCBH,chevrolet,camaro,2006
J014GVE4ZTJ1KM98,subaru,outback,2015
X985I0HIVTQ3MD4P,mazda,cx-9,1998
P4BF5L0RXMIP11YK,subaru,outback,2021
27F8LWVV59HOTGDU,hyundai,tucson,1990
GYG3VAH6NHKSQNAL,mercedes,glc,1995
9EP0O6H5L3XFULHZ,hyundai,tucson,1997
AFCO3S65QU0K5QZZ,nissan,pathfinder,2024
34OGWPNXZDZB5F5T,volkswagen,jetta,1998
6O1EN1S2OFHBAWYQ,bmw,x5,1997
OAE7L0RCTI8F34GA,toyota,corolla,2003
E0GYAJPGZ6TPBWSX,volkswagen,jetta,2009
YPVBNHI6HABA3YC8,toyota,tacoma,1995
0BS3LWW7OPIDLAXA,chevrolet,cruze,1999
C3XNCHKV9DT94G8V,volkswagen,golf,1993
LW5L4RMVVNXIV9IW,toyota,rav4,2000
01WCNKFHB7V80LKX,honda,fit,2011
XKA4LIT6XIYZVNLP,honda,civic,2016
CGWFHDV37IC0LZIG,chevrolet,equinox,2003
U8H5R8MNQPVPF8R1,mercedes,c-class,2004
VF0JQQNVCEQFGAS0,hyundai,santa fe,2011
78NRXVOB7NUGPJ60,kia,forte,2008
ZX70IB3WYZXJQYJV,volkswagen,passat,1985
EDZNZ9C65FPYST5V,mazda,cx-9,1990
DU23JH0ZAGRD1PPK,mercedes,e-class,1996
NZHG8Q3GCG1J6OWW,volkswagen,passat,1990
KNJMVRYDC1AU9DSA,subaru,crosstrek,2002
7RMPN6937XNCMLDQ,mazda,cx-9,1993
AET81IQY5SXAW7LW,honda,odyssey,2005
YIR02M77RXZDNVZ5,subaru,crosstrek,1987
E2KYT5GQEXIH1XDP,mazda,mazda3,1995
7LNKZX8YX7WR2LIU,subaru,outback,2006
NZ0NXU43IEDD070E,bmw,5 series,2005
8UACT49LNY2SVHOT,hyundai,tucson,1994
3KHYFK043BLSYJ4U,volkswagen,passat,2016
K8C3FZ47I07140K3,ford,f-150,2020
OPRMOC0K7ZTDL25B,mazda,cx-5,2014
XUPR6H2HXN4D24N9,volkswagen,passat,1988
D9GB9XV8WOBIRY8X,mercedes,c-class,2014
5XJXNECRYSAUUJ02,ford,explorer,2015
9ZKELZ5TOZO32TC4,kia,optima,1998
86GVGT2EEHFU4B9S,bmw,7 series,1995
P8AK8S2XQUZS9MTH,toyota,tacoma,1987
IGK38VHMEWCJN6OC,nissan,frontier,2012
7FHWJWXZUXSF3L2N,subaru,forester,1989
JTYOLD62F2JD9I82,toyota,corolla,2018
0L3RTZ5TV6G8OM08,kia,soul,2023
5OVJYZXFUJ7XN1YP,hyundai,sonata,2013
92SJP753K48OLDC0,toyota,corolla,2021
C0TR58PS0RS95ZOW,mazda,mazda3,2012
Z0I0835TVV8Y5SIC,ford,focus,2007
8PNNE6IT1EKKH0UH,nissan,frontier,2017
3BQWRMWLMA6GMDRD,kia,sorento,2011
ERFXIOKPG3DP4FMP,bmw,5 series,1992
GBO06FHRXJPT2ZL1,mercedes,gle,2009
E82EMAYB3PVARKCP,subaru,forester,2017
GKEJZXPR2D0VG4WF,toyota,corolla,2010
B97PWDBOLWIMRSXK,nissan,rogue,2002
7ZI6GAXLKKVPJRME,volkswagen,jetta,2020
1EM30VVIJVDDWVB8,volkswagen,passat,1997
Z7CTM09HZBGTJ546,bmw,x3,2013
WEPRS82GJ8K8C9G3,hyundai,accent,2017
8F1N2OJGFHZ52QZS,nissan,sentra,2003
ZTGBIBF57J2XI3TA,bmw,7 series,2008
L85JE6K9WAM0KJAX,subaru,outback,2009
8JWVHPLHW4OQ0PFR,hyundai,sonata,2014
G5GR0XAFGOVCCI68,toyota,tacoma,2018
E1ADNDA37E1J7V2A,toyota,prius,2006
4DF163LRITJTABTD,mercedes,e-class,1985
6APFXI5N53EGDD8M,subaru,impreza,1992
M7DBFPMGP6YWK5JR,bmw,x3,1989
2592FFQ293EP0FLE,mercedes,s-class,2005
RR9VWE77NTTRTIDZ,kia,soul,1999
ZIA9AU87CM453KF4,mercedes,e-class,1998
3CE8ZNA8NZXC45BN,toyota,corolla,1989
A3O1QFS8Q0PXAECX,subaru,forester,2017
FOP8QZJULI7JDN80,mercedes,gle,1988
HG0U43QLX3F2XHDC,subaru,impreza,1986
IFDHA6GH7IDUB9RB,toyota,rav4,1985
918SLOMEYL6SS1A2,hyundai,accent,1987
KFQ5DZ53X1F8S0X7,bmw,x5,1993
MM4P61NHVCFWR2F5,kia,optima,2016
DL7FKNDG1JRJ5XFE,subaru,wrx,1987
NKOWYPSWLDOQ59B9,honda,odyssey,2000
ZUFDNU4I5YMQT3DG,toyota,highlander,2012
HLL9RZRKBFQXLBVN,bmw,x5,2015
HHA1PJGFJC5QPH6G,honda,civic,2012
M1FMPRYFZMYOA2VC,volkswagen,atlas,2024
FX3030A67RL2YJ09,ford,fusion,2013
XUB0GZ1VHHGY8NNK,nissan,maxima,1992
ZXQOMTS1EGPGVTN4,mazda,cx-9,2003
Z76DD4DA7D0WTWS3,volkswagen,tiguan,2011
H1TE48M2Q6X2O72S,nissan,frontier,2001
L66YA6BA24S0LGUP,kia,forte,1997
WOB7P7O0OLFIZEEU,mercedes,s-class,2020
FLDAA1FWT9UA09W1,ford,mustang,1999
KTI221XJ7WWUDQVD,nissan,rogue,1996
DRN4ORAC8CYNL63G,honda,accord,2021
W4EMM9VASJEVTS1H,bmw,3 series,1998
BEDYEJHDZXQ3P87J,chevrolet,camaro,2002
8D2VFHZPQVJLDNHM,volkswagen,jetta,2013
GBSVK3X8MBGL2MCX,bmw,5 series,2005
ELALQ26UNVSDKV54,toyota,prius,2011
YP3HBRBJEQVVIAA2,subaru,outback,2014
K4O67BXCD20J1OUL,subaru,outback,2010
K9RX647DI3E950ID,mazda,cx-5,2019
975J2D8CLW3JGEQE,ford,focus,2011
WYSIRRK1RD1ZM4IX,chevrolet,camaro,1989
CRHYQNRM31SL7ZX4,toyota,corolla,1999
7NQWHOCPY8UDQDDA,hyundai,sonata,2002
BXQJ7DPFSSBJDX0P,nissan,sentra,2010
GJVSDBIDE6UITJ5Z,mercedes,glc,2010
D05JH2MKV0DSZRK6,chevrolet,malibu,2005
YFLQ8XPA95G1AMRA,chevrolet,cruze,1992
BAYKIS11D2MRMTXJ,hyundai,elantra,2007
KMSX54RJSXFOH9MB,subaru,wrx,2008
HD7NDJWT695G6MLV,nissan,rogue,1997
BSMWPQ82K8RYQF8W,volkswagen,passat,2004
RCKQH3ERAM4BE52S,kia,sorento,1990
ZF0P7KB7IYNO667V,ford,focus,2012
YLUYHETKDUWTN5PE,hyundai,tucson,2017
7ZQPPOAU8P1WKISE,kia,soul,2003
B4EYQ1S4DJ9DV3UY,honda,civic,2022
Y0BHF0RIY4KL9ARY,toyota,camry,1985
F5SIDASO7KRGI4JW,hyundai,accent,1992
PWG3XG0TRKY8RYOZ,toyota,highlander,2011
3FKEOUBXXQ6MF5QA,ford,escape,2017
4SMZOCXMZMZ2K1KO,volkswagen,golf,2009
8VGZSXJZVUV3CB0I,volkswagen,jetta,2016
7R1930I6G61PCWE4,toyota,highlander,2008
V47LZN9UHJPKHF33,chevrolet,silverado,2022
A8DBFA1U5MY80TGH,hyundai,accent,2007
M642PW5UESDRBTA3,nissan,rogue,2009
ZC58CU47SOCZDQ7J,honda,civic,2006
PH5CH3L16CR3UV43,bmw,3 series,2011
VWCT8JBBSXPK48AB,chevrolet,tahoe,2023
4Y0TB1ZPPEP69NGP,honda,accord,1999
DAO13TB25ICCPKLV,chevrolet,equinox,1993
VRECJTR0M6HZ72KX,kia,sportage,2005
ZSB6ZWKHE9I0HN3F,chevrolet,camaro,2013
XQERBKN3DKVR5NBH,ford,fusion,2012
TXB1761M3J1HA0W5,mazda,mazda3,1991
T87K9TPZ1J8Q9I6K,volkswagen,tiguan,1990
91KUBJJJX1ALX44P,honda,pilot,1985
Q8R4HC7JVLCG1J5E,volkswagen,passat,1994
5XIXGSPLTI899A44,kia,optima,2023
IDSECHU3YCPKAVM9,volkswagen,tiguan,2015
7KBNKFVDHLZ02Z7N,subaru,outback,1994
N9CC7ISUTP04SBRS,hyundai,tucson,2002
HU6L29IL9YQ8OCUC,bmw,x5,2023
I2I397I6YXV2MEOS,ford,focus,2016
W165AEJT70EBPY9E,kia,forte,2012
MOUZE66VW9B0MQOQ,mercedes,s-class,2015
Z00V3SFAVYQLG0K1,chevrolet,equinox,2016
MU6U4PLLGF309HSU,subaru,impreza,1991
MFKRIG7JVDIKDTSG,subaru,outback,2019
THR3NK8PQEQ7Z7E5,hyundai,tucson,1990
590EMC20LSJWS1ZL,honda,pilot,1991
72L4X5BWAEN7YJF3,mazda,cx-9,2003
EWDS0HPRWZBYWWIM,kia,sorento,2004
45YRWVTKH861PQIP,ford,explorer,2005
XMOE545VYBJH4OUL,volkswagen,tiguan,2011
OPO6J0M3LOUFHW8W,bmw,5 series,2023
T8AN2LM1CBHT94OZ,nissan,sentra,2008
LH07BA7DORFKI1IJ,toyota,highlander,2010
E0JDCZ1OA3VF02GV,nissan,rogue,2012
SAJHJXQKD8UR6TIA,hyundai,santa fe,2008
1ZQUA1QRDLFWDUH7,subaru,forester,1990
FWR0UI1JLMFLUOAY,kia,forte,2019
R8IQRT007PCEASEH,toyota,camry,2012
RWSF5PAE9Z5JL6UF,nissan,maxima,1998
28NVQHL097FZRLGQ,honda,cr-v,1997
HDQDWVCW5MAGK6P0,bmw,7 series,2010
7UXHVDHGUESXNU4V,mazda,miata,2015
HAIH7WFRAC8E3PQK,toyota,corolla,2020
O1ZM4LCVHFWJFPPZ,nissan,frontier,1992
UPMANQY0HU97NG0A,hyundai,tucson,2018
HVL66SAJXXO9ZJCU,honda,odyssey,2015
9WRR513BB6F05EP4,honda,pilot,1988
L4J4X0LY66G9ZNAX,mercedes,c-class,1989
G1FJGBVYOW47LUEQ,mazda,mazda3,2021
7D7GDLWAGAWQ57LY,chevrolet,camaro,1993
LNKKUO4JH9JPDMN1,kia,forte,1995
B4NTHZM32HZS32D1,nissan,sentra,2014
J7SWRQLUX6LDM6FR,bmw,3 series,1996
6LQGA3QUPO4JNMYK,chevrolet,tahoe,1991
P18OBS7587H91EL8,toyota,rav4,1994
2QFAF5KCIHDIY4NR,bmw,3 series,2015
TOHRNQI7NL7OLKY5,subaru,wrx,2019
CR0VHV1NM3V16XEG,chevrolet,equinox,2012
DNGFLYRJ8GOSD3M0,volkswagen,golf,1985
FESYAXYPBP0E36S2,mazda,cx-5,2019
8EGP15CA8ZJSW5PQ,honda,civic,2016
QBVNPY1AJKPQKBE0,kia,forte,2000
GTEFR6MQW7673UBL,honda,accord,2023
9W5N9C70PA8JX54P,toyota,corolla,2021
JKS4I2NR1P02JYV6,volkswagen,tiguan,2002
AH2XJQ2WDIZHW0VQ,mercedes,gle,2006
TRUML3F4RTGOOXUC,hyundai,accent,2007
C0TK1QQFVWUO11K0,chevrolet,cruze,2019
EV4DH9UGF10OO1PV,bmw,x3,1991
XYWWSTIO1K7F5OA3,hyundai,sonata,1991
NX9OWWEW9V08LIUQ,toyota,rav4,1986
05XT54FN5G77LK6H,hyundai,santa fe,2000
YPIGQX2456IZC0YO,kia,forte,2009
CPJZE1XTAR0KO31N,mazda,miata,2013
PEFJ31EGOM62HDXC,mazda,cx-9,2000
1MYLQJJBFSA5UZLZ,subaru,impreza,2015
ZYF2EV4JI4UFANS5,kia,forte,2015
WGMF4LN5RGSG6A8M,nissan,sentra,1999
FV0EHRUWA03260NB,volkswagen,jetta,2006
SJ84TC2QSI2G74IZ,ford,f-150,2023
JJ0076EKHI1RD5B2,toyota,corolla,2015
EDHTHRUU5E51H3WQ,honda,cr-v,2011
VRGSS8K5IJULP98R,bmw,7 series,2015
RG1YD5MY3GDILK1Q,volkswagen,tiguan,2024
HYLGOGFXLSRVP0IJ,nissan,rogue,1994
L03LLU1A7BOXFQJ3,chevrolet,malibu,2001
KNL2LUHHS4DILRZQ,honda,odyssey,2009
Y6RKVNDXJN7DE0L1,mercedes,e-class,1994
VUUPLTXU3YF15Z08,bmw,x5,1998
GQQLYZJ0AEOORBT6,kia,sportage,1986
U985LTKMCCDUEFS4,subaru,wrx,2024
XGCY3Q69FLGUQ208,honda,pilot,2021
KWOALF4V1TXH376Z,subaru,forester,1997
1HGAV42T8LLIHKPJ,chevrolet,equinox,1986
E6P4NP00NQOHN3DG,subaru,crosstrek,1992
FH70M9OHDSRS8ANP,toyota,rav4,2008
84P4K9DXOQ8JXLFI,subaru,outback,1993
SFQBVH0KW3PGSF3Y,bmw,3 series,1995
BHON4WBABQ0FOT10,ford,mustang,1991
A6D9ER94TEVWLQ6E,volkswagen,atlas,2008
8YDR3UES2FX0ZKWI,nissan,sentra,2004
L9YSU51EPXU7B6NB,chevrolet,malibu,1985
FB2FLURMW3UQHWTE,nissan,frontier,2017
7M6J3RTXYMSCNX8E,chevrolet,cruze,1992
EZEMQT788G35SFY1,chevrolet,camaro,2007
S2UTBTTY9GFYW4I7,mazda,mazda6,2019
7V4K88K686QE7AJU,nissan,sentra,2024
VC1FRF899OFPVIMI,nissan,sentra,2010
E07FPY1AELDWQXKE,mazda,miata,2014
F51Z58B4JWPGZ5RK,kia,optima,1990
9VVN5X48PW5K0JJS,mercedes,s-class,2007
CD3IRVXD2ZU4NS7N,subaru,outback,2022
4XDD8IUZV3ZBXPQ5,honda,pilot,2012
YAUA8D7204J3M9IQ,honda,cr-v,2014
ZW1FU5X012GRDMT2,chevrolet,equinox,2004
DZXLRGNJZM3618LE,subaru,impreza,2017
ZU1TOZHDV5OJZTO7,toyota,tacoma,2003
W8LI3IF9AIZH5P3F,nissan,sentra,1986
4RPU9GGSOU6NJ2N2,mercedes,s-class,2008
67LM8E49ITE92SRL,subaru,forester,2007
ZXT9QUBWRP8GUUCM,mazda,mazda6,1989
YCZU80ZRZ79HQTYL,subaru,crosstrek,2011
FTYLAVZME9WT00IV,ford,mustang,1986
XRED8U8NOZEMDMZ5,hyundai,elantra,1996
JHMXCQDJ5CUYDA9A,bmw,x5,2004
A6U48GWGHM56VU6Z,ford,focus,1994
3QW752E77DYVGDGF,subaru,impreza,2014
7TNQETMNI3GOM673,volkswagen,atlas,1991
4DX6UZS1XKE1KWON,hyundai,elantra,2016
DUVL911ZSB8LV6TX,mazda,mazda3,2019
B8NMT3YPS4SYBHQG,chevrolet,camaro,2005
CHHXA7HY7AI33993,bmw,x5,1987
FVWJ7YZ6L7X6OA3N,chevrolet,cruze,2001
VWOZQXIWE6RGL7JY,mazda,cx-9,2003
TKUDE358TRE9QDI3,ford,f-150,1989
IWPFVB71GHLU8M87,bmw,x5,1997
6CN8SIWMZAP4VKFT,bmw,3 series,1992
YOTWG7NFDINU31EI,volkswagen,jetta,2021
TA3RUNYN6IRJ9WR6,hyundai,accent,2008
IK08NJF0PKBO549E,volkswagen,tiguan,1998
7PP0PNNLO0HHGH5X,subaru,impreza,2014
T1OXHFDXK31WBHTF,mercedes,gle,2012
GPYNYJ0UFO2HOQ5E,hyundai,tucson,2024
7W05Y2DA5B4L6HFH,toyota,rav4,2024
6V3RZKDU6FOTWFTQ,nissan,frontier,2000
9XFQ1ENNGAY37VG6,hyundai,accent,2007
595CEKOF92Y8LZ8C,subaru,wrx,1986
WV9NJS96ALGXZJ9M,nissan,frontier,2014
XLB57AUKHQNZJNNS,mercedes,glc,2006
EMJGKCQY2656AE1I,ford,escape,1989
F225AA35WFW5Q52D,toyota,camry,1993
H0CD8A2IBCLTRH9V,ford,explorer,2003
0V4PSC9J5UGE1G41,chevrolet,malibu,2010
WVVSKP30TX8J1CCM,mazda,mazda3,2024
1PY6Q9YL16ZV8U0L,bmw,x5,2008
R1L9GVBMQQ749Q6Q,ford,fusion,2009
PAFL9WOA2XGVGDOF,bmw,5 series,1986
RF34JGVRP4RXMD8Z,subaru,impreza,1994
I72OALFWYPEEK035,bmw,7 series,2015
CQPHLI5L692TULGE,bmw,7 series,1999
ZV3IU6L5NFLTQ680,toyota,highlander,2009
12JF4CIWL3RFJL9V,kia,sorento,1997
8VE00H2K2P3AJFAX,mercedes,c-class,2008
Q6FWTV1DJJZQFE8E,bmw,7 series,2015
NLZTWXOL4BKUU5CZ,ford,explorer,1989
7FDFZDMMCMCOCO2Z,kia,optima,1998
QE6JIXUB4IBHIF5S,bmw,x5,2010
A1RYZTBVHUAZUN6F,chevrolet,malibu,2019
AWWJNN41JH6OXQQ8,volkswagen,atlas,2010
HEND7H10KYHVKQXI,nissan,sentra,2017
AA34H8NL9VFRUK94,chevrolet,silverado,2024
DABBAJAQ08DNX80N,nissan,pathfinder,1986
KBEFQ796EW8257GE,mazda,mazda6,2014
5UUJZR0FCYBR3O9U,honda,odyssey,1989
85ZZHJY8GY39BU4U,mazda,cx-9,1999
Z0KDN3TN60TLXOUN,bmw,x3,1994
31RTMPV5LMQ15FBS,volkswagen,passat,2023
MW04U923O359TSUJ,kia,sorento,1999
Y2RL4N7S3HMO1DXQ,mazda,mazda6,1985
682R6ZL1KHW8GAKH,volkswagen,jetta,1989
J8PMOZKNHPVRWBRB,bmw,x3,1986
JR211PV58Y9N81DJ,toyota,camry,2000
0Z7Q0I9BL14HOAE5,honda,fit,2013
CGJU2T0JESGQ4BVP,volkswagen,passat,1989
HRA1361BGMY4IQZ6,toyota,corolla,1993
E9VAR2PZ6NTPBPZC,toyota,rav4,2007
RSI7EADGHXTUR8XU,toyota,prius,1987
IFEZAC2EXVA5E742,chevrolet,camaro,2015
RHGTW4CY4F1R9CFW,mercedes,s-class,1999
3O1BLOG0NQ4I6R8S,mercedes,e-class,2000
VK1PBCD6FXNOQ37K,kia,soul,2005
74QR14VUYV2EMY9T,subaru,outback,2001
W75VI7LIG9GMYKVY,chevrolet,tahoe,1993
2YGYZTHQSE0KIVWM,volkswagen,golf,2008
IRJUTFVJ839AG77Q,kia,soul,2002
SPJ9WRDPLFE19BCD,kia,sportage,1993
27YH6UAMWJPIWUJT,chevrolet,malibu,1986
TLH33HW8D09JRD4H,hyundai,accent,1995
67KAYP44QI4OPF54,mercedes,c-class,2019
1HYP5MASNPHFC4YG,mercedes,e-class,1998
LOIKIVQA7IZQ2NMN,hyundai,santa fe,2013
6DJIN9RG4XV349N1,toyota,tacoma,1995
DZBC7QK4K6ILSIDB,volkswagen,passat,2003
T76I3HZCD3GEQ10F,ford,mustang,1985
LGJ3S6OGQ4IVN2QQ,mazda,mazda3,2000
FVB9EKTR1T05QXS2,subaru,wrx,2001
SOSR2HVNKVONNLHA,mercedes,e-class,2013
520XKIAIPRQQ5QOB,ford,fusion,1991
KBQNXPVMSR75RMG7,ford,f-150,1991
FZJAHSAO2QWKBSEP,hyundai,santa fe,2017
B20UC87NXP0JF6DN,mercedes,e-class,1987
BAEPG25PU9H9FB02,chevrolet,cruze,1995
7RCQ6W948JU63LXS,volkswagen,atlas,2018
Y32I3PJ7K99BV2J3,kia,sorento,1999
5I67ZSOOUKIW8X17,honda,pilot,2010
3FRB7EI5R8VO4KVF,ford,focus,2005
V4DC0FP672ZFBQBK,bmw,x3,2021
DFLD9CBA7263RJK4,toyota,prius,2003
EQ4F1SRIKOMFRQ8L,volkswagen,golf,2011
3I9LLIFFCVEDQFC1,mazda,cx-5,2022
IRO7YY0KZ6XNOMB4,nissan,pathfinder,1996
3Q825Q30ZX815G5F,nissan,pathfinder,1990
R9F5IV86ZP1WZ2NA,hyundai,accent,1997
HLX0ST69WWP82QZT,kia,forte,1987
KAV8C3PQ5U74IJ64,chevrolet,camaro,2022
JJTB8QOP82J3TPS8,volkswagen,tiguan,2023
XRUTT247O0GXAPLI,hyundai,elantra,1991
E0JXYO6HFD7LTTC9,toyota,camry,2000
C11JG1MS4TSRW2MD,ford,explorer,1997
TJA622DCFF3TR7WB,mercedes,glc,1991
31OGWRVZ90472UQL,bmw,5 series,1987
BGUAXNM0ALQEDS1V,hyundai,santa fe,2020
90MWB4LL3K4BK8EJ,mercedes,e-class,2002
MOCTCLKA9LZ57V4N,toyota,rav4,2006
LEUUCBL116CZ75T6,volkswagen,tiguan,1991
61B7PXJBC8VDRQNT,nissan,sentra,2022
76IMG7ZD3Q0E03YI,mercedes,c-class,2018
5U04RIPWN3KE9OUJ,subaru,outback,2011
JVAEV0YU3U8IZIIB,toyota,tacoma,2010
EH8UXZ3ADHF025LO,volkswagen,atlas,2002
PHWHM54XR8PJPF24,mazda,cx-9,2018
KO5FKPA2TVMXQYJR,mercedes,s-class,1995
RPE2XN9TXFJNJD5S,nissan,frontier,2010
AU5IK31YUW2TGRTF,honda,cr-v,2020
PMRG0ZPZJHO4VUDQ,chevrolet,malibu,2005
BMQIMI8ACUEOBQT0,toyota,tacoma,2020
PE0HDJ7O9X66D7WD,nissan,maxima,2019
07IRJG107R925DSI,subaru,impreza,1985
PMMQZADWAJGF00HH,ford,escape,2014
CQWB00N114PY4FNG,honda,fit,1996
Y6D1HFDI3JSTY876,subaru,impreza,2013
F9TU8PV2KJH01AON,kia,forte,1990
5EZ6IZ8ER6U0ESTI,ford,mustang,1988
SV5ITMTJLEGP4H2H,volkswagen,jetta,2018
FPPWC1QY9MBAAXA3,honda,civic,2005
F0WCYR2P6XCW8AFM,mercedes,c-class,2017
X1JD3VURR6CG1S2L,hyundai,elantra,2017
PAVAJIMMNSTOUIFJ,chevrolet,equinox,2008
XN32NBZWBHO4UW2A,subaru,crosstrek,1996
EC275JT660J08XTR,chevrolet,tahoe,1997
N1TCJFCZWKGUY0OF,chevrolet,cruze,1993
N0THL2C53K9OM115,honda,accord,2010
2ZNTGG50YQL25S8T,honda,accord,1991
NUSG9L9Q3CYBYC4I,chevrolet,malibu,2007
GSV5E033DZQQ5EB9,chevrolet,tahoe,1990
WHHOLI54087WS1LO,hyundai,accent,2011
2ZSA6HA3VMOT4SAY,bmw,x5,2016
JK9E0OAWHN2ECLCE,kia,soul,2003
DKITMAF9H3FHVFIJ,bmw,x5,1989
D7Z4KSO03W2MROP2,honda,fit,1991
EE2ABG9SHO5D5AFQ,bmw,5 series,1991
81JMBPTPDWR1XFHS,nissan,rogue,1987
EKT292MI560TOHXW,toyota,camry,1991
YQYVBNUZ2KGA99UF,subaru,crosstrek,2024
7PW35X3X10Y14DSF,bmw,7 series,2009
WUFUK15U2486D43I,ford,explorer,2010
U8BWAUFXQP6XGHU9,chevrolet,tahoe,2023
HYVNI8E61493685E,ford,fusion,2021
VMT4FVMYPJ2NNOC3,honda,fit,2015
3D3513LM7E41OFV1,kia,sportage,1987
43F1AYSV6O9E9NHC,chevrolet,tahoe,2006
33A8NCXCWC0BOGWH,subaru,wrx,2011
WBNWJ6PVOC7501OE,ford,escape,1986
TD503779U7C1A7YJ,chevrolet,malibu,1997
QDE7M7H6OQ7QH96Y,toyota,prius,1995
AE1ISYERUMEHCYKJ,honda,odyssey,1995
5LFOS9DJ9IHJDQDF,hyundai,santa fe,2017
GGAFDR3TGWJ7PUM3,mazda,miata,2013
IP35T54GYLBI18A2,subaru,crosstrek,2012
O7ERC4R6S34A1NFX,ford,mustang,1999
WLF9YXAM97YOFCX7,toyota,prius,1993
LOQVBV1JPVKTAF6B,bmw,3 series,2023
YI4PZZJ8XKV4VTCD,bmw,x5,2019
S81BXD7ITQRT8G7Q,mercedes,c-class,2024
CW9RTNFW6SZF4LUR,mazda,mazda3,2019
LSOGWIBJB6M9NWYU,honda,odyssey,1992
G6G04JGSQOF3WGI8,volkswagen,atlas,2021
423H7T6UDOJY6G10,hyundai,sonata,2006
O8G8HZMVYD47DZNA,volkswagen,golf,2018
JN4LV11KJALW563C,toyota,highlander,2023
RBSZUJB4HLLQLLD0,bmw,7 series,1998
3R4SIP4B8J4ZXD82,honda,cr-v,1996
QW8EVRC0ERJE4S4M,ford,mustang,2006
U61O85VO1TK5EZS9,volkswagen,tiguan,2019
W0PN524KSKWECY9A,honda,civic,1987
FLXV5CIX39ELLHLR,kia,sorento,2012
TGDK4SNV9RR49HQW,hyundai,tucson,2011
FANS0GNH8S2GT30G,toyota,corolla,1997
V5XWWC05SORHTMT1,mercedes,gle,1990
XGGMQJ9UJEFUBFD3,volkswagen,golf,2009
6T0OTGPEQCYH207X,ford,f-150,2005
GF86HOGDPL4CKTF6,bmw,x3,2000
24TL7JE0Q0RFOIAL,nissan,maxima,2016
W0GQ34PGGCBI6QSR,toyota,corolla,2016
Z3E88SEBY8EN00BG,honda,civic,2001
1R3YQS5PYYZ5YMIT,honda,civic,1997
A9INCU2LQM585U7D,ford,fusion,2021
G770XDHJ5SC36U9C,volkswagen,atlas,2016
D8FBFFHEYZQQXBV0,toyota,camry,1992
ND6BWBEM0TPI70HK,chevrolet,cruze,2009
MTXQ531D1KDK2YWF,bmw,3 series,2021
X9FKE4VZN8Z4C0X2,chevrolet,camaro,2021
VEZRAD8EJPMLNL7H,honda,cr-v,1989
52A97PNFIRCVCZ8P,subaru,outback,2011
IEKX6MJ53YXHZKIE,subaru,impreza,2010
8U1QP2WNV2MK48J4,ford,escape,2014
PDT12SBA62TDO1DF,kia,optima,2019
AD0NDV5DMCDSODBZ,bmw,3 series,1988
3K88RHOEHAPM4YQZ,subaru,impreza,2016
BEAHY5HO37PJPO3C,subaru,outback,2018
IE4ACJOD8WACEQRQ,nissan,altima,1986
0JI1T3UZZZULYZLG,nissan,maxima,2023
S3K337OV9WXHVY3N,kia,sportage,1991
ONDHKBRJIGLG08YV,subaru,crosstrek,1992
9QAZ6FP9XAQS3TGD,honda,accord,1986
WXJ46T9DNZWSS9V6,toyota,camry,2013
80TW87S34876KE1Q,bmw,7 series,2017
0I99N7TCATPLX3GG,subaru,outback,2004
VDXDF6YV2VP6F0O7,volkswagen,golf,1988
JVIE6DUEPRTIRY3T,chevrolet,equinox,2009
M2Q22YOKBVPX4NTZ,subaru,wrx,1986
JSFPFMNF7UIWJTA8,chevrolet,equinox,2019
OZIBP9OF9SVCA3DC,toyota,prius,2000
M1V395ZDHZ6M9BJU,toyota,highlander,2006
2Z6M81RJWPX5ZJ2O,toyota,highlander,2015
67CSZVUTBT6AO3FJ,hyundai,tucson,2011
S924W7W8TWT2I9OW,hyundai,tucson,2017
NL6DMJLXDW0YCYRN,mazda,cx-9,1987
MCCYC3T13HLOZESJ,bmw,7 series,1988
NAAXU3K8JB79YJ65,subaru,wrx,2012
RB2JA2LPN1M6U2LL,chevrolet,malibu,2017
2BE4N2524GPZBOMV,chevrolet,silverado,1985
ZYFGGK82P5YRO1WO,toyota,camry,1996
K9D643J2X9A6TDV9,hyundai,santa fe,2020
E5GV7P2A2Q9OJF3C,mazda,mazda3,1995
BTI1RIMVN1BT9WNJ,kia,sorento,2004
EYZILJ29JB8JXKQ0,chevrolet,silverado,1992
FG79KT10R709Q6OH,volkswagen,tiguan,1995
RB5TNGCRZXC4VNIB,bmw,5 series,1987
N99LT3J6LILB7ZWD,toyota,tacoma,2010
PSSCP9KJYMJBT35Y,hyundai,accent,2024
HZTAY12YIVFQSX50,subaru,crosstrek,2022
PVSF5YC9LUERJQEN,honda,civic,2023
T8ZGEHUIQSI2FEXT,honda,pilot,1995
7U9SSBU7GE3AI6AY,mercedes,glc,2012
NBB4V57YZET3GNDC,mazda,mazda6,2020
KLI7V12J21TELO9L,volkswagen,jetta,1987
A09Q16A3KL0N4L6B,mercedes,glc,2012
JC6ON5ZZ679AQLO3,subaru,impreza,2024
QSA11PTKFTUWFV2T,kia,forte,2020
T6UR9XRWNNVGQCQN,mazda,miata,2000
E7E51M4WU3GA9TA7,subaru,impreza,1993
72NS8ERKD0RNGCT2,volkswagen,atlas,1994
KVV7PGF7MVQ356J0,nissan,sentra,1991
3MKR4L2E4F4N3ZA0,toyota,tacoma,2010
HZMJBG3K59S7V55K,honda,civic,2016
S83GYZIEPO772NRC,bmw,7 series,1988
DU9V45D3DGC50I32,honda,fit,1993
HBCPLA8JZ9DS2ULK,volkswagen,passat,2021
SOTH4MVKQE4DWZ79,chevrolet,equinox,2019
C60CJBMUVHGQK820,hyundai,tucson,2018
13M7PC59P0QVHZJK,kia,soul,1997
T8LI72W4OEBMQPJB,bmw,x5,2024
MC8FU0AB76LBWLA9,toyota,corolla,1991
89QSNVYF2ZQOYGWO,subaru,impreza,1999
L7J7Y96YG626M8A4,mazda,mazda3,1990
LM576M2YVP6MPB4D,hyundai,sonata,1993
QT7ZVNBI1CAO8W81,honda,accord,2022
EJEBHBW9KCKWDHX5,subaru,forester,2019
M1INUFNCC8UUXOP6,kia,optima,1989
TZRBZIRJYZ8XUKU8,bmw,5 series,1986
ARN4FLHW3CHNJ6GD,kia,sportage,1996
UWXU2HHLDA2UX64B,chevrolet,silverado,2019
UOJA5ENP2WA6M96M,subaru,crosstrek,2019
Q44DVVPGB8IY525F,bmw,x3,2018
GJ96ZE6E24I1AGZG,volkswagen,atlas,1995
C6SEURANDDEPTLT0,bmw,7 series,2014
YQZDUBB9MIT3VHTN,ford,focus,2022
RGSL55X9E0RAGHKE,chevrolet,malibu,1994
CDK9X0740C98UZZY,mazda,mazda3,1993
BHB7ZHEZR4E5IZB1,ford,focus,1990
P5OOA9CZV7PQOVVI,toyota,tacoma,1986
X9DY39CK5B8U8H7B,chevrolet,camaro,2019
3CNFU2HERSNUN446,hyundai,elantra,2009
IOFU2NCU22KB8OHL,chevrolet,camaro,1999
UMKVGG4NP4D8J2X7,mazda,cx-5,2020
ZJFY4W8TR98W07FI,nissan,frontier,1990
XUNHU25Z8KQ86YNI,chevrolet,equinox,1997
8BYCZNYRB9J52OYY,hyundai,tucson,2014
OZZ9Z76MH8PU9JN0,kia,forte,1989
P6EGKAZAL4W7S3GO,ford,escape,2008
UO4G4IQ9ENZ9JN7K,volkswagen,tiguan,2019
VI673KLLZCUH1I8Y,honda,civic,2019
X0RTMG7C0Q6ULH3X,mazda,mazda6,2012
6SQJY6REG857YYOM,mazda,mazda6,1999
6QEPYOHAKC37WMFP,kia,optima,1986
7NXXBAF4GELLX8EA,nissan,sentra,2021
YE71TWD96HHWMF1G,mazda,mazda3,2023
XUWRIENW34Y6FFY3,chevrolet,camaro,2024
GSVANRY632IIPS8Q,toyota,camry,2020
9BGV2ESF4NDRFDX8,kia,sorento,2020
YWGD4X4PZJ42RL1E,chevrolet,malibu,1994
FFZADVJFUY0F39WG,mazda,cx-5,2010
CG59MNBO3WZ5I4EB,mercedes,glc,2002
DIRL481XLAXHNOC2,volkswagen,golf,1999
QA78CUHCZTGZOHC7,kia,sportage,1988
KG3FYE4HQGOXAIQU,kia,forte,2019
B29XZ6UK18F2DXR6,toyota,highlander,2001
9K4CI248F3VKOG10,ford,mustang,1997
SF2AALUDHAAHOP0E,mercedes,glc,2008
PP1VM3I0GXHC660U,nissan,pathfinder,1995
BJ72BTQ82327AQFF,ford,escape,1988
C3Z6J5Q1D7XYLJD2,subaru,forester,2001
NXI5P2QFS7GLB82M,mercedes,gle,2003
JS08RWQ1CGEDBT8B,mazda,cx-5,2020
30B69C45RY27VMVW,nissan,frontier,2007
V06DDG680IUGA4FE,ford,explorer,2005
3VX4GH0Y3HKK54K4,hyundai,accent,2023
7AQ2ANY1YC1L2QJZ,ford,explorer,2012
XF50OJQRLG6UACOT,ford,focus,1993
XU7FKC781HFL1ZOP,hyundai,sonata,2011
30X8BNMJSXTDHDX1,honda,civic,2002
T4ZF3D4D32NKX5ZT,mercedes,gle,2011
RO6DUTJTO914YBNU,kia,forte,2013
SILL0NO8OL0V0HXE,ford,fusion,2012
GGAYBFJH9KRS51ZE,hyundai,accent,2013
3OV9JYDFZDTC5PAY,ford,fusion,1985
A70TGO5AWLGITIZ7,kia,sorento,2011
G21CQTP3174GU65S,mercedes,e-class,1998
O0SW58611GQIT8D9,chevrolet,malibu,2017
HIVDTS8MG00CRZ17,honda,pilot,2015
NXPWNUA6TDXJ1WQQ,mercedes,c-class,2014
ZMVUTIYMR0AZ0ZNZ,mercedes,gle,2009
G5UDLHWV6FLVYWAP,nissan,sentra,2022
AJR1OV9CPWRUTVLY,nissan,maxima,2007
WUOCS224EQKQ7MOU,kia,optima,2009
1TJL2FX35LG49FFQ,mercedes,glc,2003
VC4GTJS1A5UGXBRY,kia,soul,2000
VR40DM9IF826BHYZ,volkswagen,golf,1991
52MH68NDJU39X6KQ,honda,fit,2015
6XTF52BWHNYBJK8J,subaru,crosstrek,1987
RX8U73NKBF2E6WPR,bmw,x5,1996
7GVLHWXPBRRNTYLV,subaru,wrx,2005
D3IIA38K0HF36C0O,volkswagen,passat,1990
72I2F8RPJX0WUZLL,ford,focus,2004
YMZLO9LNDCMB4BLD,hyundai,santa fe,2004
Q1WMFPT00E2QMK3U,chevrolet,equinox,2003
HMRTIEHC2YIX79PB,hyundai,accent,2019
3UMGTHKTGYLEYO3H,bmw,5 series,2015
BS5MYGKNDR07VO79,chevrolet,malibu,2010
VU5WP8MVU2YETTRU,kia,sorento,2006
DDVXKKXO0SSW74WQ,bmw,x5,1995
6N1RWU1ESEVGC0QT,volkswagen,jetta,1993
TGV46Q71T6JLDJ7P,ford,focus,2010
DGHBTMPT1UV94C8M,honda,civic,2024
78ZWGDQBLUPPH3NW,volkswagen,tiguan,2017
11Q01YHYA0EIVA8T,subaru,wrx,2004
XLE0BCT324ZBL5KZ,chevrolet,cruze,1989
72TH1FPHMZOIM2CA,bmw,7 series,2005
4PN8QIX43IRGM5DK,mercedes,gle,1987
ESIRQ4TP1NA6KSNJ,toyota,tacoma,2011
BD9Q8WHT37OJ98BY,kia,optima,1993
9AFPP7SDWYQTUV27,subaru,wrx,2021
POZ4XV87UGT47S15,bmw,3 series,2000
L0Q4EJHXPTUEDN3J,mazda,mazda3,1997
8V16SHQXMS0HKRAJ,chevrolet,camaro,1985
A67MSWPATOM287C4,chevrolet,silverado,2024
0MQA1CCYY4JUFN24,volkswagen,jetta,1988
RWDWF1TQV0R095UH,ford,escape,1990
42GA3YYGDTWBKSDN,honda,pilot,1985
TQXC72BM2O2ZCMOT,honda,civic,2006
RLCRE8UA2HQG2XGD,chevrolet,tahoe,2009
BS5XRGA3L71029DG,toyota,highlander,1985
JIB931K26GFXAMHV,toyota,corolla,1986
J0Q45NAYPWLIEOXV,nissan,frontier,2020
8YJMYVMNEDYL7U4G,mercedes,gle,2010
Z025JU26SPHNCASL,nissan,altima,2017
I3UDUURWUDKBU0T3,chevrolet,cruze,2023
W429KJPQ8SEUTLPF,honda,accord,1989
H0Y05ML51AATN209,hyundai,sonata,2022
WAS1UDJOAU4DU0FI,volkswagen,golf,1997
0UT100WNT0K9875T,hyundai,tucson,2009
BAV4VJHP60IQ7SDD,subaru,crosstrek,2008
JS18L9GJ4ANLIOBL,subaru,crosstrek,2023
K6JOPZDTJXAF16YF,ford,fusion,1999
Q7KA8OBM5RY6Q2M8,mercedes,s-class,1995
MQADW9UFZDEPCGWL,subaru,outback,2003
5O5CVHJOBEIFDD56,chevrolet,malibu,2021
9WCDB68ZA0PL8109,nissan,rogue,2009
B5X69PHWN8DDINZ2,chevrolet,camaro,2004
4JM8C9TFLDY3YGQA,mercedes,glc,2009
7284JC755OTS42KQ,toyota,tacoma,1995
CHAO73KU99ELJHB0,mazda,cx-9,2020
8FMW4V1FJ2AOY2XD,toyota,camry,2024
1TCFI4PLMVK5SGCS,subaru,wrx,2019
9O5A439GF5LXK2G5,toyota,tacoma,2010
L0TA8RD05N9HCZDQ,subaru,crosstrek,2023
C3BAK73I1RD31TB0,volkswagen,golf,1994
9MZ99ZJUK9QS57WC,hyundai,tucson,1999
TZA7UY4SAEQ1ZQ8D,honda,fit,2017
2Q4EHV1WNR1TR4B5,kia,optima,1985
2TYZNM5SAXYK2E58,ford,f-150,2010
B9V1T4JXA2YMPYI4,bmw,5 series,1990
BEOKFCRAHB73SJ2K,chevrolet,camaro,1992
THETKCAKDP3CA4BD,toyota,highlander,2015
N3TNKZIY75ITDL35,nissan,pathfinder,2011
1FS324ERTL15E166,bmw,3 series,1993
V1RDNF4X13QINF2P,mazda,cx-5,2002
1QBCDQCSENJXTXIX,honda,accord,1991
L9T15KCK4ZYNFGJ1,volkswagen,atlas,2010
6GSKBOJAXNHRC4HM,mazda,miata,2010
PEVHTZ4VOYBJ7SOY,ford,f-150,2006
NIA2Y7VFHPD6VQ81,bmw,5 series,2005
Q0S5RMJPCZA3SFGH,mercedes,e-class,2014
HCG7FD143XRV8DF2,ford,focus,2019
EJTUIN748AV3G609,subaru,crosstrek,1985
96GORCPACQ5AH9OG,honda,cr-v,1985
KHG4G7NIE3FKP96A,chevrolet,tahoe,1987
O7JFM03TDV0IQF1G,toyota,corolla,2021
3HXK13C3ZQX3QFXM,chevrolet,tahoe,2016
WWNQA4P3PRNO5GTX,toyota,prius,1995
BGCN3K3WKT6VGF8I,ford,f-150,1995
MB362M9E5IMLZ6IO,kia,soul,2020
ZHG1GF4OFPATM0TX,toyota,corolla,2002
JFUPMVL5VECF8OCQ,subaru,impreza,2002
CAG1JDHQW2VGQZDN,mazda,cx-9,1993
4JLYS7JD6Z6PQ1AU,ford,fusion,2019
LECFDMILADH1DXKX,honda,fit,2013
7QFQ9N04FDTZJ2L7,toyota,prius,1996
7A1RBRNU851V9PD5,honda,accord,2006
ZX8J5MS20T3T9LP2,ford,explorer,1996
0JRX2N75WLN2OTG5,honda,civic,2019
M27O19QTG15XD82I,nissan,altima,2003
UV2VXO3PEOJ3M48N,chevrolet,malibu,1989
4XAIC0DHNHWEKQDV,mercedes,c-class,1987
87FRBOO703B95OHS,bmw,3 series,1985
LQHPQPFIE952EX2J,mazda,mazda3,2012
EHDM6K6HGQ6SRP7B,mazda,mazda6,2001
KWBJPCLMSP94RWGK,ford,f-150,1995
UQJJ1GJPMH3UQ1AM,nissan,maxima,2008
I4EUBYGS0JX9AMSM,bmw,x5,2002
D0I2V4B2RCYBRXOD,chevrolet,cruze,2017
JHB0C148MO64E51O,toyota,rav4,2004
DNSVBCQ7G4ASMZX4,mercedes,c-class,2003
N1PMBZP6VIARPH3Q,toyota,prius,1993
0P5RUKCASSSLSLV3,mercedes,glc,1998
OK3ZY5SRO0L9LAYK,ford,mustang,1992
QJ4PZC5YPOH41OF7,volkswagen,jetta,2015
7UG44C937RUPL5H2,hyundai,elantra,2014
6AP3VGVFHZT8I5YI,bmw,x3,2023
AK1VPANGW3PAJVF9,chevrolet,tahoe,2017
1XIBF5Y0QTOS7NNX,volkswagen,passat,1992
5S517DXJ17X6XDA7,honda,civic,2015
79OKQBBWBX54QOTV,mercedes,gle,1996
5KKS1B4QSX88GXWD,mercedes,gle,1985
7YZ5ND2OEUT4IEC1,ford,explorer,1997
6JJLVWGJ9Y56CA03,volkswagen,passat,2004
XNOAD78QIG6UO3ZI,mercedes,glc,1985
7KNE1YBMZPSCTPN7,volkswagen,jetta,2000
3J5SFMZQRSJZO98I,honda,pilot,2010
VWTKCNL384XG08GS,ford,mustang,2011
WAPCQ7VG6N968XF6,subaru,crosstrek,2000
LTR9UQRVN2AEJGS5,nissan,maxima,2000
LV09VFEAACKXXQO4,mazda,mazda3,2004
XIBK7CKASUL64QBW,mercedes,s-class,2009
F27E6L8XCGMIURPV,toyota,prius,2001
6O6U9179B9NT5DXI,honda,pilot,2024
O7PLR1X08K4L2LJZ,bmw,5 series,1989
GXLOARRXC9MIDUX8,ford,fusion,2006
0V0VSGQG034L4KV2,hyundai,santa fe,1986
0T51LC8A4OC1CQB7,kia,sportage,1990
Z8FTMJN8B3UMAM00,toyota,rav4,2013
J2ONVEOX3AKV62ZL,nissan,altima,2019
99I7ZFCTYVOF70IN,kia,soul,2010
8WYAQTFLVM8NYZHH,chevrolet,equinox,2011
H7VQJA6614RS8U9B,ford,f-150,1992
ZD43W95CH4FODMJM,honda,cr-v,1995
IXEXB92YFAI6YR8N,nissan,rogue,2015
Z25YYEXHPCOCWMIJ,hyundai,santa fe,2011
5GL1NAIA0CTAN36A,mercedes,gle,2010
L3OBOPAB05DWJATE,chevrolet,tahoe,1987
EF2IBNAJFH71UZN4,subaru,forester,2010
BZPE8M3RKL39VEL0,subaru,impreza,2003
IDUWETOWTK4KL9FG,volkswagen,tiguan,1994
RRLOA8O34LPQK5FP,mercedes,c-class,1993
M9NNC8YCI08P3LBS,subaru,outback,2008
GKHVLUCNJ0HYL77V,bmw,x5,1992
7CXSUO874OHL5THL,subaru,wrx,2001
YQTAYBGI0RR0TIAX,subaru,forester,1995
VPIG3YVR2EU4KB57,bmw,5 series,1995
76QWVGFRI7FZ5XBI,ford,f-150,2021
J9CWI2SKHKXVS6AY,bmw,x3,1990
4YEO6PPYWH8EA329,chevrolet,camaro,1994
1PW26RQH7O0ZBO70,honda,pilot,1985
UBNBWGSKWD3X2KB6,nissan,altima,2012
2NGQEUA73ABZGS9W,mercedes,s-class,2011
CUJVXHSHV1Y04Z4V,toyota,rav4,2023
SB053AKZXFP5KE09,nissan,pathfinder,1991
DZV7TXX6LK7IAZGQ,mazda,mazda6,1993
38ZKRG6WMZ0ZCSSF,ford,mustang,2013
XXCX9KNBZ9H0UNL0,subaru,crosstrek,2019
O1LPPJ1N5T844QH2,honda,fit,1988
5PNEDL60YOKR78L1,bmw,x5,2007
9GQJANQS334KCCNJ,toyota,corolla,1996
5J1VRKF4HT69A143,honda,odyssey,1989
