id,fname,lname,phone,address
0,samuel,anderson,(043)321-8196,"620 main st, san diego, CA 91791"
1,donald,cook,(908)386-3794,"206 magnolia blvd, fresno, CA 95719"
2,rebecca,baker,(423)511-6155,"9991 lake dr, los angeles, CA 95977"
3,laura,morgan,(161)849-5931,"850 willow way, oakland, CA 92370"
4,william,robinson,(164)752-5534,"1269 birch dr, fresno, CA 94375"
5,jack,young,(276)483-5030,"5268 sunset blvd, bakersfield, CA 90542"
6,mark,reed,(537)672-4238,"8930 lake dr, glendale, CA 93509"
7,pamela,phillips,(532)871-0122,"7016 birch dr, san diego, CA 93152"
8,melissa,kim,(784)801-8451,"4908 highland ave, fresno, CA 93716"
9,james,castillo,(482)814-8932,"6226 magnolia blvd, fresno, CA 94418"
10,jonathan,smith,(957)015-4303,"9395 elm st, san diego, CA 95995"
11,kathleen,rodriguez,(822)782-4896,"3570 cherry ln, long beach, CA 95840"
12,kenneth,phillips,(578)713-3150,"9738 cherry ln, oakland, CA 94820"
13,margaret,smith,(103)105-1834,"8053 washington blvd, modesto, CA 91083"
14,carolyn,kelly,(973)763-1165,"7039 highland ave, fremont, CA 95972"
15,michael,gray,(106)513-3387,"2396 highland ave, fresno, CA 92281"
16,jacob,young,(178)108-0132,"6758 spring st, moreno valley, CA 91751"
17,edward,davis,(260)647-4687,"2636 washington blvd, anaheim, CA 91783"
18,linda,howard,(805)009-7882,"1031 meadow ln, san diego, CA 91522"
19,david,kim,(136)193-9909,"1443 highland ave, glendale, CA 94630"
20,angela,green,(435)346-2475,"1288 main st, fremont, CA 95088"
21,brenda,gonzalez,(183)842-5135,"4769 pine rd, fremont, CA 94450"
22,rachel,hill,(980)841-2411,"9164 cedar ln, bakersfield, CA 92308"
23,brandon,clark,(534)874-0164,"822 main st, santa ana, CA 91071"
24,samuel,king,(278)680-1128,"690 river rd, glendale, CA 94526"
25,charles,parker,(204)505-3315,"9273 highland ave, huntington beach, CA 91266"
26,sandra,lee,(260)256-3421,"6367 oak ave, moreno valley, CA 91822"
27,anthony,collins,(543)303-6541,"4673 river rd, fontana, CA 93274"
28,christine,morgan,(501)429-4019,"7219 river rd, santa ana, CA 93574"
29,brandon,rogers,(169)340-6088,"3328 river rd, stockton, CA 90573"
30,gregory,nelson,(951)484-6564,"9183 cedar ln, long beach, CA 93444"
31,gregory,carter,(299)468-0443,"7143 walnut st, huntington beach, CA 95363"
32,kevin,reyes,(773)872-1489,"5591 elm st, oakland, CA 95511"
33,kenneth,lewis,(320)037-9176,"9531 washington blvd, chula vista, CA 94049"
34,edward,young,(201)632-8708,"4182 maple dr, fremont, CA 91092"
35,jacob,bennett,(889)579-8687,"2707 juniper rd, moreno valley, CA 93686"
36,paul,long,(348)734-7143,"4551 forest rd, santa ana, CA 94424"
37,william,moore,(236)231-6658,"7733 highland ave, los angeles, CA 91694"
38,jason,roberts,(909)670-5466,"8918 juniper rd, modesto, CA 94941"
39,margaret,morales,(346)706-5627,"2191 birch dr, modesto, CA 90220"
40,deborah,ramos,(901)627-2046,"5463 washington blvd, fremont, CA 92677"
41,brian,ross,(646)417-0805,"3773 poplar ave, san diego, CA 95339"
42,jennifer,long,(033)092-3271,"9340 washington blvd, fremont, CA 95730"
43,ashley,foster,(529)912-4190,"5211 walnut st, chula vista, CA 93249"
44,patrick,sanchez,(193)149-1905,"8828 highland ave, irvine, CA 90564"
45,amy,chavez,(506)716-5726,"2985 juniper rd, fontana, CA 95328"
46,dorothy,ward,(877)694-5314,"7485 park ave, fremont, CA 94668"
47,nicole,bennett,(650)752-7354,"5676 lake dr, huntington beach, CA 95744"
48,andrew,bailey,(083)136-7837,"8141 valley rd, riverside, CA 90762"
49,joshua,lewis,(634)957-8856,"9117 forest rd, irvine, CA 95757"
50,laura,wright,(443)135-1823,"3645 juniper rd, moreno valley, CA 92265"
51,carolyn,ramos,(894)134-3524,"331 aspen ct, modesto, CA 91036"
52,andrew,garcia,(084)271-0947,"7943 valley rd, santa ana, CA 91510"
53,michael,allen,(711)671-9022,"9321 hill st, san diego, CA 92033"
54,jessica,bailey,(699)938-6774,"9742 highland ave, anaheim, CA 94658"
55,benjamin,davis,(913)341-2328,"1329 pine rd, riverside, CA 93346"
56,ryan,ruiz,(974)034-4713,"4434 poplar ave, glendale, CA 95416"
57,anthony,diaz,(183)242-1024,"9849 juniper rd, glendale, CA 92364"
58,sharon,thomas,(746)488-7719,"753 highland ave, santa ana, CA 94945"
59,ashley,brown,(139)904-9027,"8602 poplar ave, fremont, CA 92278"
60,matthew,howard,(671)756-5512,"5503 highland ave, moreno valley, CA 92361"
61,katherine,phillips,(807)154-5168,"118 willow way, modesto, CA 93784"
62,stephanie,miller,(385)977-0348,"2246 hill st, fremont, CA 95720"
63,kathleen,thomas,(093)248-0861,"3781 maple dr, fremont, CA 90962"
64,samantha,martin,(748)467-7378,"2469 sunset blvd, long beach, CA 94910"
65,eric,myers,(214)658-4044,"9716 walnut st, moreno valley, CA 91217"
66,ryan,morgan,(755)886-7533,"9468 sunset blvd, oakland, CA 93365"
67,jennifer,green,(766)270-2895,"1744 valley rd, san francisco, CA 94308"
68,laura,johnson,(262)174-5961,"5483 willow way, modesto, CA 93113"
69,donna,watson,(780)913-4316,"1712 magnolia blvd, san francisco, CA 93634"
70,daniel,ruiz,(400)504-5562,"4100 meadow ln, stockton, CA 94636"
71,frank,white,(221)969-3792,"3904 valley rd, bakersfield, CA 93764"
72,ashley,bennett,(074)821-7594,"7051 aspen ct, bakersfield, CA 93742"
73,emily,sanchez,(671)369-5944,"459 willow way, chula vista, CA 92248"
74,mary,reed,(097)439-5339,"4206 willow way, sacramento, CA 95146"
75,richard,watson,(047)095-2145,"6907 pine rd, long beach, CA 91082"
76,stephen,campbell,(884)247-4517,"1333 cedar ln, oakland, CA 95540"
77,carolyn,gray,(685)160-4817,"6138 willow way, bakersfield, CA 94788"
78,melissa,brooks,(513)709-8593,"1135 poplar ave, fremont, CA 95743"
79,emily,wood,(612)004-7113,"8907 cedar ln, chula vista, CA 93716"
80,timothy,bennett,(869)261-7964,"636 aspen ct, irvine, CA 91779"
81,sharon,cruz,(351)585-0643,"2101 valley rd, san diego, CA 95429"
82,mark,chavez,(900)532-9318,"3494 walnut st, long beach, CA 91908"
83,michelle,jimenez,(290)422-8421,"522 cedar ln, riverside, CA 92934"
84,sandra,ramos,(502)402-6811,"7902 valley rd, irvine, CA 94204"
85,scott,wilson,(783)908-4700,"7947 sunset blvd, stockton, CA 95620"
86,susan,morales,(711)592-1249,"9690 cherry ln, santa ana, CA 93120"
87,emma,ortiz,(478)961-1836,"7498 park ave, stockton, CA 92776"
88,laura,phillips,(615)654-5271,"1594 elm st, san diego, CA 93537"
89,richard,myers,(528)098-8516,"5893 willow way, stockton, CA 95906"
90,michael,torres,(945)198-3273,"1873 river rd, modesto, CA 93011"
91,joseph,ross,(493)689-9809,"4481 main st, fresno, CA 92238"
92,alexander,ross,(455)022-9612,"602 elm st, fontana, CA 91762"
93,melissa,turner,(752)545-9910,"2649 pine rd, huntington beach, CA 90407"
94,christine,hernandez,(476)797-6438,"1964 river rd, stockton, CA 90908"
95,kimberly,gray,(978)403-6900,"3449 hill st, long beach, CA 91124"
96,jerry,allen,(451)076-2268,"3870 meadow ln, modesto, CA 95472"
97,george,martinez,(606)071-5969,"6726 aspen ct, stockton, CA 92371"
98,joseph,phillips,(052)975-1613,"7238 walnut st, chula vista, CA 94292"
99,william,gomez,(453)521-8188,"3276 magnolia blvd, irvine, CA 92876"
100,jack,chavez,(231)243-2921,"3002 magnolia blvd, moreno valley, CA 93800"
101,catherine,reed,(979)955-2717,"7345 poplar ave, anaheim, CA 92250"
102,scott,davis,(581)477-0054,"1357 poplar ave, san diego, CA 95038"
103,emma,cook,(679)807-9359,"7892 meadow ln, sacramento, CA 90506"
104,ryan,wilson,(518)203-7788,"2700 river rd, irvine, CA 92317"
105,ronald,evans,(590)515-1864,"4228 juniper rd, huntington beach, CA 91231"
106,michelle,hernandez,(925)462-9148,"6271 poplar ave, santa ana, CA 91046"
107,gregory,hughes,(816)850-5423,"5698 magnolia blvd, moreno valley, CA 91572"
108,margaret,moore,(214)188-8059,"2247 birch dr, chula vista, CA 91263"
109,chris,white,(927)065-3794,"7455 park ave, modesto, CA 91959"
110,kenneth,stewart,(359)774-6886,"2755 washington blvd, huntington beach, CA 91133"
111,ashley,miller,(758)181-4124,"7461 meadow ln, sacramento, CA 93583"
112,barbara,lewis,(750)606-8536,"1437 river rd, oakland, CA 90230"
113,donna,gonzalez,(522)047-2779,"186 elm st, riverside, CA 92096"
114,mark,martin,(898)614-3410,"4006 highland ave, huntington beach, CA 93744"
115,david,anderson,(798)089-3246,"125 birch dr, irvine, CA 91970"
116,justin,turner,(218)518-8888,"433 sunset blvd, moreno valley, CA 90356"
117,samuel,roberts,(540)515-3195,"2285 oak ave, irvine, CA 94472"
118,brian,chavez,(277)221-7043,"817 washington blvd, los angeles, CA 92585"
119,kenneth,rogers,(687)403-4505,"4576 maple dr, irvine, CA 93579"
120,edward,myers,(765)277-5841,"7055 elm st, stockton, CA 94935"
121,matthew,cooper,(451)154-4796,"2830 aspen ct, fremont, CA 92879"
122,ryan,garcia,(596)401-6582,"610 cedar ln, huntington beach, CA 95554"
123,sharon,jones,(213)556-9092,"7471 river rd, irvine, CA 93636"
124,jerry,martinez,(928)565-4310,"3148 spring st, fontana, CA 93170"
125,larry,thomas,(447)394-7312,"1313 valley rd, fresno, CA 95843"
126,sharon,lopez,(551)884-4225,"8435 park ave, san francisco, CA 91646"
127,sarah,walker,(705)895-7829,"1512 elm st, anaheim, CA 93261"
128,patrick,castillo,(786)691-2517,"7732 willow way, fontana, CA 92822"
129,thomas,jimenez,(892)268-0182,"5082 pine rd, fresno, CA 92643"
130,rachel,lewis,(584)143-8424,"8840 elm st, fontana, CA 95250"
131,daniel,ramos,(922)995-9001,"844 poplar ave, glendale, CA 92168"
132,raymond,clark,(969)078-4473,"6753 hill st, fremont, CA 90597"
133,debra,davis,(276)773-5925,"5331 juniper rd, irvine, CA 93266"
134,thomas,ross,(588)153-7147,"4161 cedar ln, san francisco, CA 90414"
135,joshua,roberts,(963)259-5327,"8533 valley rd, moreno valley, CA 92527"
136,nicholas,williams,(168)733-9500,"4709 spring st, huntington beach, CA 95359"
137,christine,stewart,(480)162-4565,"841 sunset blvd, los angeles, CA 94671"
138,larry,harris,(584)168-7849,"2046 cedar ln, san francisco, CA 93226"
139,timothy,baker,(852)398-6800,"737 cedar ln, santa ana, CA 93880"
140,angela,collins,(298)259-5269,"5002 walnut st, santa ana, CA 94155"
141,eric,morgan,(794)705-5169,"5140 juniper rd, riverside, CA 94889"
142,cynthia,king,(993)097-2896,"2521 willow way, oakland, CA 90258"
143,justin,hughes,(130)756-2636,"8321 magnolia blvd, huntington beach, CA 93863"
144,janet,sanders,(028)385-7865,"2937 valley rd, modesto, CA 92804"
145,stephen,rivera,(497)334-8434,"4835 aspen ct, long beach, CA 95654"
146,rachel,morales,(575)844-1986,"6564 river rd, sacramento, CA 92379"
147,jennifer,torres,(157)473-3848,"4550 cedar ln, san francisco, CA 95043"
148,janet,ramos,(330)833-0165,"7839 maple dr, sacramento, CA 90042"
149,anna,lee,(677)345-4019,"3904 cherry ln, los angeles, CA 91434"
150,jason,thompson,(067)240-0499,"1858 forest rd, anaheim, CA 93722"
151,samantha,cooper,(872)874-3152,"7618 poplar ave, bakersfield, CA 95886"
152,matthew,johnson,(549)329-6685,"1521 sunset blvd, san francisco, CA 91513"
153,sarah,morris,(530)463-7454,"9643 juniper rd, glendale, CA 90093"
154,paul,wood,(530)174-2684,"2023 poplar ave, anaheim, CA 93010"
155,nicole,lewis,(327)279-5687,"8906 willow way, long beach, CA 92027"
156,frank,long,(918)785-1910,"9072 meadow ln, long beach, CA 94691"
157,shirley,martin,(258)713-9718,"7398 oak ave, fremont, CA 91080"
158,eric,turner,(790)874-0640,"3670 walnut st, san diego, CA 90371"
159,rebecca,hall,(180)170-4622,"6987 river rd, chula vista, CA 93674"
160,melissa,carter,(182)512-8682,"3748 main st, riverside, CA 92444"
161,jacob,gray,(868)633-7524,"3188 juniper rd, san francisco, CA 90263"
162,katherine,turner,(903)311-9079,"897 park ave, los angeles, CA 93295"
163,sharon,robinson,(830)284-3959,"9896 magnolia blvd, santa ana, CA 91940"
164,emily,jackson,(836)440-8926,"9207 spring st, los angeles, CA 92821"
165,samantha,bennett,(685)662-4628,"7858 park ave, oakland, CA 92463"
166,rachel,jackson,(708)668-8263,"4277 washington blvd, santa ana, CA 95297"
167,william,edwards,(518)304-6990,"1292 washington blvd, glendale, CA 95933"
168,gregory,bailey,(373)540-3317,"4074 aspen ct, huntington beach, CA 95765"
169,betty,gomez,(385)467-8544,"5992 meadow ln, moreno valley, CA 93817"
170,richard,castillo,(753)556-0932,"365 lake dr, modesto, CA 94784"
171,pamela,castillo,(642)353-6937,"9121 poplar ave, santa ana, CA 92108"
172,jerry,morales,(772)522-8728,"1062 meadow ln, los angeles, CA 90608"
173,gregory,miller,(062)312-0387,"6214 oak ave, huntington beach, CA 95224"
174,gregory,ward,(770)088-6008,"4601 cherry ln, anaheim, CA 90140"
175,amy,hughes,(621)182-3398,"4235 river rd, bakersfield, CA 93251"
176,william,mitchell,(679)334-1016,"6313 sunset blvd, modesto, CA 93899"
177,linda,brooks,(021)765-9180,"3864 washington blvd, glendale, CA 93895"
178,dorothy,garcia,(148)902-5039,"2462 magnolia blvd, chula vista, CA 90630"
179,emily,lee,(939)685-6218,"5766 oak ave, san francisco, CA 93580"
180,donald,martinez,(599)965-0477,"3837 river rd, modesto, CA 93075"
181,jeff,white,(961)943-1142,"6325 aspen ct, sacramento, CA 93191"
182,donna,campbell,(110)475-4121,"3170 highland ave, fremont, CA 94562"
183,larry,rogers,(610)158-1995,"6411 main st, anaheim, CA 93389"
184,ronald,jimenez,(183)982-6224,"5033 lake dr, moreno valley, CA 91195"
185,david,perez,(646)471-5437,"9828 birch dr, long beach, CA 93750"
186,susan,moore,(406)596-5756,"9838 cedar ln, anaheim, CA 92626"
187,brandon,ruiz,(375)265-4793,"5439 sunset blvd, bakersfield, CA 93218"
188,amanda,anderson,(939)828-0737,"4873 aspen ct, san diego, CA 93351"
189,christine,murphy,(243)426-6179,"7951 walnut st, chula vista, CA 94377"
190,amy,ruiz,(680)589-1135,"2825 poplar ave, huntington beach, CA 90362"
191,brenda,chavez,(656)101-4388,"9242 walnut st, glendale, CA 91810"
192,ryan,mitchell,(679)825-0714,"6915 elm st, san francisco, CA 95981"
193,charles,hall,(457)387-5717,"7512 forest rd, san diego, CA 92459"
194,jennifer,price,(105)123-8282,"5522 cherry ln, stockton, CA 93785"
195,donald,phillips,(226)609-3796,"6470 main st, long beach, CA 91685"
196,andrew,long,(191)825-5371,"4398 willow way, moreno valley, CA 94323"
197,samuel,green,(969)691-5579,"2926 willow way, anaheim, CA 95033"
198,scott,hernandez,(251)341-2528,"6464 highland ave, huntington beach, CA 91129"
199,justin,roberts,(627)828-2742,"3165 forest rd, fremont, CA 95074"
200,michael,rivera,(072)368-8767,"6909 aspen ct, fremont, CA 94003"
201,daniel,hernandez,(903)404-3842,"7592 walnut st, moreno valley, CA 94503"
202,eric,anderson,(914)858-0783,"7065 maple dr, oakland, CA 92438"
203,robert,edwards,(451)713-3959,"7115 pine rd, huntington beach, CA 91140"
204,betty,clark,(095)849-8254,"4840 walnut st, bakersfield, CA 94214"
205,christine,gonzalez,(260)422-3253,"6534 spring st, sacramento, CA 94730"
206,helen,wright,(667)116-8457,"8096 forest rd, glendale, CA 90020"
207,jack,lopez,(751)863-6374,"5389 hill st, santa ana, CA 94483"
208,justin,taylor,(975)001-7012,"7330 valley rd, riverside, CA 93504"
209,anthony,ruiz,(242)415-4152,"948 sunset blvd, anaheim, CA 95947"
210,alexander,long,(361)103-7129,"3805 meadow ln, fremont, CA 90076"
211,mary,hughes,(516)271-3611,"1790 forest rd, irvine, CA 92451"
212,sarah,carter,(221)890-9275,"3590 poplar ave, sacramento, CA 93372"
213,nicole,mendoza,(731)121-9656,"5252 cedar ln, oakland, CA 92268"
214,samantha,hernandez,(389)994-0438,"8448 washington blvd, chula vista, CA 92421"
215,samantha,miller,(376)137-9180,"6016 forest rd, sacramento, CA 93168"
216,brenda,turner,(582)710-9104,"3634 oak ave, los angeles, CA 93260"
217,amy,torres,(866)618-8924,"1469 hill st, san diego, CA 94188"
218,betty,martin,(856)914-6303,"1512 highland ave, san francisco, CA 93714"
219,nicole,cox,(042)102-0275,"8668 meadow ln, bakersfield, CA 91367"
220,timothy,taylor,(410)564-8149,"1362 spring st, fremont, CA 94184"
221,amanda,davis,(792)524-1913,"8436 main st, los angeles, CA 90100"
222,steven,garcia,(756)220-8635,"4167 highland ave, santa ana, CA 92222"
223,elizabeth,kelly,(518)023-8061,"7720 hill st, anaheim, CA 92681"
224,barbara,peterson,(705)349-4937,"6133 walnut st, moreno valley, CA 91600"
225,jack,cooper,(320)603-8505,"123 magnolia blvd, chula vista, CA 95957"
226,kenneth,wilson,(383)670-2410,"3892 meadow ln, stockton, CA 95741"
227,timothy,collins,(191)826-1990,"7226 willow way, sacramento, CA 91939"
228,joshua,king,(565)574-3132,"9679 maple dr, sacramento, CA 90865"
229,daniel,edwards,(756)185-3747,"4441 maple dr, san diego, CA 91291"
230,frank,hill,(903)521-3568,"902 willow way, anaheim, CA 92131"
231,lisa,brown,(678)831-7121,"295 oak ave, oakland, CA 91070"
232,anthony,phillips,(519)941-0137,"2210 elm st, santa ana, CA 91003"
233,jennifer,reyes,(029)667-0662,"5899 washington blvd, fresno, CA 92252"
234,andrew,edwards,(209)993-4768,"7948 oak ave, san diego, CA 92291"
235,ronald,moore,(638)380-6578,"8040 river rd, glendale, CA 94115"
236,kevin,roberts,(420)593-0407,"8774 river rd, glendale, CA 91906"
237,chris,gonzalez,(334)803-9652,"2985 park ave, glendale, CA 92605"
238,janet,hughes,(590)599-2937,"8982 hill st, fresno, CA 94017"
239,robert,lopez,(039)308-7059,"3400 cedar ln, santa ana, CA 95873"
240,lisa,adams,(002)921-8515,"6581 walnut st, san francisco, CA 92757"
241,emily,adams,(226)752-8953,"9749 pine rd, chula vista, CA 92513"
242,jack,ruiz,(422)096-9029,"5313 birch dr, oakland, CA 95239"
243,brenda,wilson,(725)135-5215,"7417 main st, bakersfield, CA 91717"
244,steven,ruiz,(154)100-6762,"6883 spring st, chula vista, CA 92877"
245,stephen,carter,(179)327-1040,"5321 lake dr, san francisco, CA 90607"
246,brian,perez,(621)815-9970,"7166 poplar ave, fresno, CA 94975"
247,jeff,lee,(015)336-8844,"4972 park ave, san francisco, CA 90406"
248,deborah,kelly,(872)050-6149,"7969 washington blvd, san francisco, CA 90210"
249,betty,perez,(417)146-7741,"9014 sunset blvd, fresno, CA 93039"
250,melissa,mitchell,(270)477-4349,"1109 cedar ln, san francisco, CA 90702"
251,gregory,hall,(869)380-6868,"7879 walnut st, oakland, CA 93901"
252,emily,hernandez,(608)989-9217,"2932 pine rd, long beach, CA 91578"
253,thomas,garcia,(616)329-4511,"6458 cherry ln, chula vista, CA 94522"
254,kevin,scott,(870)998-6162,"2528 walnut st, glendale, CA 94773"
255,jerry,gonzalez,(191)485-6467,"9472 birch dr, moreno valley, CA 90306"
256,lisa,scott,(629)960-6530,"7885 lake dr, irvine, CA 90165"
257,brian,hill,(447)132-4754,"6928 birch dr, san diego, CA 91539"
258,sharon,ramirez,(678)508-2148,"6709 cedar ln, fontana, CA 94658"
259,patricia,thompson,(330)307-0534,"6135 valley rd, fontana, CA 93251"
260,samuel,thomas,(035)797-2798,"5830 river rd, fresno, CA 92118"
261,dennis,ruiz,(140)602-9333,"3487 lake dr, stockton, CA 94204"
262,john,jimenez,(072)290-3494,"4611 highland ave, chula vista, CA 92856"
263,laura,allen,(374)896-9108,"6231 cherry ln, huntington beach, CA 94989"
264,kimberly,hill,(171)545-4443,"2556 meadow ln, oakland, CA 90465"
265,emma,phillips,(520)744-6660,"9652 aspen ct, glendale, CA 91555"
266,brian,castillo,(387)584-2824,"1699 spring st, sacramento, CA 92118"
267,carolyn,bailey,(251)353-4655,"4369 walnut st, anaheim, CA 93799"
268,jessica,stewart,(099)917-3816,"8780 hill st, stockton, CA 90442"
269,karen,moore,(356)972-5217,"5549 poplar ave, fresno, CA 92567"
270,samuel,davis,(074)329-2712,"7205 poplar ave, stockton, CA 93304"
271,rebecca,morris,(600)835-0583,"393 willow way, riverside, CA 95133"
272,jack,young,(354)216-8942,"1169 oak ave, anaheim, CA 92382"
273,laura,sanders,(898)562-5753,"2801 sunset blvd, riverside, CA 91871"
274,margaret,sanders,(230)982-1506,"4290 magnolia blvd, modesto, CA 95104"
275,michael,kim,(010)016-7618,"4240 spring st, sacramento, CA 91683"
276,debra,mendoza,(046)184-9926,"1818 meadow ln, huntington beach, CA 90964"
277,kimberly,anderson,(173)934-8356,"4939 pine rd, los angeles, CA 94490"
278,nicholas,clark,(753)001-1972,"1575 magnolia blvd, fontana, CA 90614"
279,carolyn,castillo,(143)744-7012,"746 hill st, irvine, CA 95544"
280,donna,diaz,(110)022-5579,"4495 juniper rd, san diego, CA 93052"
281,brian,white,(166)746-7621,"2271 aspen ct, los angeles, CA 91305"
282,susan,turner,(979)729-6590,"2240 spring st, moreno valley, CA 90925"
283,stephanie,cruz,(014)508-9935,"8604 meadow ln, huntington beach, CA 90780"
284,jeff,james,(375)628-9002,"8383 spring st, moreno valley, CA 91354"
285,elizabeth,long,(753)540-8386,"6707 park ave, san diego, CA 93760"
286,sharon,kelly,(717)751-7016,"6855 oak ave, modesto, CA 94498"
287,james,lopez,(994)883-7550,"3752 valley rd, santa ana, CA 94588"
288,maria,richardson,(975)711-3055,"4883 cherry ln, fontana, CA 93062"
289,alexander,wilson,(027)261-4933,"2078 sunset blvd, long beach, CA 93744"
290,nancy,alvarez,(516)091-7798,"2305 spring st, riverside, CA 94344"
291,janet,miller,(869)782-9221,"6447 willow way, huntington beach, CA 94965"
292,kevin,cook,(669)346-5472,"2363 highland ave, huntington beach, CA 95734"
293,dennis,rogers,(485)833-3945,"2273 aspen ct, fresno, CA 94127"
294,stephen,ruiz,(515)879-9684,"7020 main st, fontana, CA 90872"
295,patricia,carter,(200)342-4420,"4935 washington blvd, modesto, CA 90264"
296,george,edwards,(198)386-3840,"6351 sunset blvd, stockton, CA 95612"
297,donna,peterson,(004)397-3598,"9985 washington blvd, long beach, CA 92409"
298,ryan,thompson,(122)816-0648,"4429 cedar ln, fresno, CA 94784"
299,ashley,smith,(572)025-9094,"8137 walnut st, modesto, CA 92933"
300,elizabeth,price,(583)281-8268,"8898 sunset blvd, san diego, CA 92862"
301,margaret,ramirez,(555)439-8780,"1979 willow way, irvine, CA 93650"
302,sandra,chavez,(993)056-1648,"4733 main st, fontana, CA 93071"
303,eric,rogers,(770)435-8112,"8914 cherry ln, riverside, CA 95135"
304,david,clark,(361)386-1207,"5534 oak ave, san diego, CA 90600"
305,michael,thompson,(481)934-6676,"7194 forest rd, riverside, CA 93190"
306,christine,thomas,(809)190-1581,"4848 willow way, anaheim, CA 94968"
307,barbara,torres,(766)072-8326,"9041 hill st, sacramento, CA 92441"
308,christine,sanders,(508)821-0099,"6556 cherry ln, modesto, CA 90697"
309,kenneth,clark,(536)822-2394,"3283 maple dr, fresno, CA 95496"
310,brenda,miller,(878)141-4139,"8082 forest rd, irvine, CA 91050"
311,gregory,wood,(314)913-5775,"5108 aspen ct, glendale, CA 91248"
312,brenda,reed,(556)205-3364,"5989 cedar ln, santa ana, CA 93931"
313,jacob,edwards,(547)812-9142,"8924 washington blvd, bakersfield, CA 95133"
314,elizabeth,sanders,(108)099-6930,"9137 lake dr, modesto, CA 94421"
315,cynthia,wood,(256)394-2788,"1583 sunset blvd, irvine, CA 94113"
316,mary,james,(392)827-2299,"2495 juniper rd, moreno valley, CA 92939"
317,jennifer,lewis,(731)453-0385,"6458 spring st, fremont, CA 90380"
318,jennifer,wood,(518)449-8926,"6301 river rd, glendale, CA 95352"
319,elizabeth,gutierrez,(463)865-5779,"208 meadow ln, sacramento, CA 93603"
320,daniel,robinson,(184)322-2591,"3873 highland ave, santa ana, CA 95900"
321,joseph,morris,(773)926-0302,"9496 walnut st, fresno, CA 91103"
322,helen,rogers,(092)024-2869,"9334 poplar ave, riverside, CA 95894"
323,jack,james,(413)797-7236,"9944 cedar ln, glendale, CA 91489"
324,benjamin,james,(842)579-9136,"6415 cedar ln, san francisco, CA 90135"
325,anthony,gutierrez,(862)912-7990,"8806 meadow ln, san francisco, CA 90763"
326,gary,james,(298)068-6508,"7128 park ave, moreno valley, CA 93123"
327,carol,ramos,(916)247-3149,"9008 highland ave, bakersfield, CA 91548"
328,james,price,(098)180-6356,"6035 maple dr, sacramento, CA 93490"
329,raymond,howard,(448)695-9463,"6870 cherry ln, modesto, CA 93952"
330,lisa,mitchell,(887)449-5621,"3864 valley rd, fresno, CA 90821"
331,mark,rogers,(658)902-6012,"7827 birch dr, stockton, CA 90722"
332,david,king,(351)906-6984,"9888 oak ave, fresno, CA 95245"
333,nicholas,cruz,(038)430-9883,"2876 willow way, los angeles, CA 92946"
334,sandra,wood,(021)465-6693,"8582 main st, san diego, CA 90738"
335,anna,torres,(895)543-9376,"9519 main st, bakersfield, CA 91433"
336,stephanie,cook,(181)845-1848,"9519 lake dr, fremont, CA 93089"
337,brenda,morris,(357)790-7141,"6369 poplar ave, oakland, CA 95545"
338,alexander,robinson,(565)880-4341,"6636 willow way, santa ana, CA 90622"
339,anna,thompson,(755)394-2373,"3947 juniper rd, oakland, CA 92174"
340,betty,robinson,(339)521-1179,"208 magnolia blvd, modesto, CA 90346"
341,gary,mitchell,(957)947-2846,"3738 magnolia blvd, glendale, CA 91050"
342,michael,ortiz,(678)085-6271,"8590 valley rd, santa ana, CA 95646"
343,mary,johnson,(369)155-9428,"4406 park ave, bakersfield, CA 93861"
344,nicole,baker,(527)636-5564,"7484 pine rd, glendale, CA 91074"
345,justin,mendoza,(314)386-6322,"7849 main st, fresno, CA 93453"
346,nicholas,moore,(885)744-8906,"1721 aspen ct, fresno, CA 90491"
347,mark,allen,(717)545-5884,"5738 main st, stockton, CA 90993"
348,carol,gray,(939)982-4558,"8087 magnolia blvd, fremont, CA 90642"
349,melissa,ward,(472)256-9961,"1396 pine rd, santa ana, CA 91869"
350,donna,green,(449)647-5987,"6882 pine rd, fresno, CA 90189"
351,thomas,sanders,(341)326-1117,"9085 oak ave, riverside, CA 93252"
352,jonathan,ross,(114)921-6433,"4755 valley rd, sacramento, CA 91075"
353,jonathan,perez,(005)577-8487,"2313 aspen ct, modesto, CA 91450"
354,scott,kim,(796)884-5783,"1567 valley rd, anaheim, CA 92996"
355,stephanie,king,(240)082-5478,"236 aspen ct, moreno valley, CA 93908"
356,emily,johnson,(649)308-5368,"7261 sunset blvd, oakland, CA 91337"
357,patrick,patel,(663)416-3894,"4764 poplar ave, modesto, CA 92202"
358,stephanie,harris,(122)417-9749,"8160 washington blvd, santa ana, CA 90158"
359,karen,miller,(802)144-2703,"1577 cedar ln, riverside, CA 94043"
360,mark,baker,(647)570-5120,"4466 magnolia blvd, chula vista, CA 90584"
361,stephen,stewart,(234)601-3673,"649 washington blvd, fremont, CA 90769"
362,angela,bennett,(376)452-0881,"4250 spring st, anaheim, CA 91627"
363,amanda,miller,(313)650-2491,"6584 park ave, riverside, CA 90344"
364,pamela,ruiz,(792)513-2719,"5644 magnolia blvd, los angeles, CA 90489"
365,george,chavez,(281)273-5857,"3261 main st, chula vista, CA 92934"
366,carolyn,moore,(407)784-8739,"3157 cherry ln, irvine, CA 92651"
367,jack,reyes,(498)218-2744,"8973 river rd, fremont, CA 90005"
368,samuel,cook,(620)959-3518,"6448 washington blvd, fontana, CA 95596"
369,nicholas,foster,(829)456-5118,"1192 oak ave, sacramento, CA 91463"
370,robert,sanchez,(173)109-6789,"9771 lake dr, los angeles, CA 93001"
371,margaret,cox,(103)717-0586,"6146 aspen ct, los angeles, CA 95053"
372,dorothy,ortiz,(014)138-1138,"6413 washington blvd, long beach, CA 94310"
373,katherine,young,(928)861-9576,"1805 pine rd, fresno, CA 94505"
374,edward,cook,(528)975-5855,"6855 magnolia blvd, stockton, CA 95946"
375,kevin,cox,(398)368-4577,"6605 main st, los angeles, CA 92330"
376,emma,williams,(824)043-3504,"9171 meadow ln, modesto, CA 94674"
377,justin,martin,(107)522-4593,"3917 lake dr, anaheim, CA 90752"
378,justin,phillips,(931)572-7919,"5021 oak ave, glendale, CA 93125"
379,william,jimenez,(055)661-3906,"986 hill st, fontana, CA 90337"
380,donna,cooper,(925)832-0679,"9524 meadow ln, san diego, CA 91819"
381,jeff,nguyen,(622)517-9086,"4401 elm st, chula vista, CA 94110"
382,jeff,jimenez,(227)837-6938,"8689 park ave, oakland, CA 90586"
383,dorothy,jimenez,(659)116-6553,"5354 river rd, huntington beach, CA 95369"
384,patricia,foster,(425)979-2703,"3371 willow way, irvine, CA 91277"
385,catherine,sanders,(110)392-4051,"5099 valley rd, moreno valley, CA 90186"
386,michelle,clark,(833)884-8792,"401 sunset blvd, glendale, CA 95435"
387,jonathan,garcia,(420)439-4070,"1191 sunset blvd, bakersfield, CA 95431"
388,katherine,campbell,(104)636-8157,"9882 cherry ln, san diego, CA 91527"
389,anthony,cook,(780)038-4576,"2672 main st, irvine, CA 95605"
390,george,rivera,(438)404-6084,"3795 cedar ln, santa ana, CA 93218"
391,katherine,moore,(168)936-3926,"5218 birch dr, santa ana, CA 93679"
392,stephen,taylor,(329)832-4826,"2478 poplar ave, glendale, CA 91294"
393,donna,rodriguez,(881)252-0566,"5070 valley rd, bakersfield, CA 91244"
394,nancy,wilson,(220)994-9993,"9870 park ave, oakland, CA 95630"
395,patricia,rivera,(172)897-5267,"7863 cedar ln, fresno, CA 91583"
396,margaret,jones,(604)633-3127,"8127 aspen ct, santa ana, CA 93748"
397,steven,diaz,(609)656-9998,"8705 poplar ave, los angeles, CA 94265"
398,susan,edwards,(703)886-0868,"907 washington blvd, anaheim, CA 93600"
399,deborah,hill,(472)649-0827,"7500 elm st, fontana, CA 90927"
400,matthew,jimenez,(982)665-7027,"9771 aspen ct, long beach, CA 93724"
401,barbara,allen,(521)117-5186,"8483 birch dr, fresno, CA 93102"
402,anna,carter,(025)922-2206,"5147 hill st, fremont, CA 92365"
403,helen,white,(123)094-0777,"9004 main st, huntington beach, CA 94042"
404,sandra,ramirez,(977)671-9903,"9067 lake dr, huntington beach, CA 95149"
405,larry,clark,(022)050-2099,"4989 forest rd, san diego, CA 90401"
406,susan,turner,(224)999-8279,"6001 oak ave, san diego, CA 92451"
407,kevin,mitchell,(616)814-7214,"5493 meadow ln, stockton, CA 94297"
408,betty,hughes,(390)198-1794,"7096 birch dr, santa ana, CA 92127"
409,jonathan,kelly,(952)997-8772,"3912 aspen ct, anaheim, CA 91585"
410,james,thomas,(071)396-6055,"9281 poplar ave, long beach, CA 90092"
411,samuel,sanchez,(441)448-8501,"5560 forest rd, chula vista, CA 95934"
412,brenda,ward,(023)557-7027,"2645 poplar ave, fremont, CA 94398"
413,michelle,reyes,(608)495-8803,"9560 willow way, santa ana, CA 92896"
414,david,martin,(405)682-9962,"9851 maple dr, anaheim, CA 95777"
415,donna,price,(046)173-5743,"8703 hill st, fresno, CA 90919"
416,timothy,jones,(317)807-8235,"8021 juniper rd, fontana, CA 92542"
417,kevin,jackson,(182)307-6810,"5195 oak ave, huntington beach, CA 90713"
418,michelle,reyes,(018)409-4353,"3254 hill st, bakersfield, CA 94360"
419,donna,foster,(714)224-1098,"8522 maple dr, long beach, CA 94444"
420,carol,peterson,(542)493-2149,"5649 cherry ln, fremont, CA 90415"
421,thomas,brown,(701)601-6629,"9811 poplar ave, fremont, CA 95048"
422,george,flores,(538)179-2171,"7564 hill st, fremont, CA 93854"
423,donald,lewis,(294)562-5577,"595 elm st, moreno valley, CA 90924"
424,carol,morris,(724)599-2816,"1852 forest rd, modesto, CA 95320"
425,elizabeth,hill,(876)963-9382,"8003 sunset blvd, san diego, CA 92791"
426,betty,ruiz,(966)958-3219,"8072 maple dr, glendale, CA 94883"
427,jacob,adams,(817)246-1919,"6308 forest rd, moreno valley, CA 95283"
428,katherine,davis,(132)902-2784,"6489 birch dr, glendale, CA 93663"
429,anthony,clark,(549)465-1909,"8462 sunset blvd, sacramento, CA 92409"
430,linda,mitchell,(800)851-4036,"9769 sunset blvd, santa ana, CA 95830"
431,melissa,phillips,(668)327-2386,"6002 highland ave, sacramento, CA 92363"
432,gregory,taylor,(201)027-6212,"6913 valley rd, huntington beach, CA 93487"
433,benjamin,white,(786)876-5326,"221 walnut st, moreno valley, CA 95987"
434,sandra,alvarez,(846)895-0097,"6138 maple dr, glendale, CA 93944"
435,debra,hernandez,(284)781-8913,"7840 poplar ave, san diego, CA 95603"
436,samuel,cooper,(949)058-0778,"7787 walnut st, santa ana, CA 93448"
437,george,nguyen,(420)949-4079,"2870 walnut st, los angeles, CA 95376"
438,joshua,patel,(904)712-8144,"2271 birch dr, bakersfield, CA 92254"
439,ashley,johnson,(192)927-5243,"8044 pine rd, fontana, CA 90271"
440,brian,hernandez,(292)766-3723,"9565 juniper rd, irvine, CA 90445"
441,samantha,king,(102)767-4783,"6322 willow way, chula vista, CA 93887"
442,paul,jackson,(860)476-5801,"8804 poplar ave, irvine, CA 93537"
443,nicole,wood,(454)414-9673,"9745 magnolia blvd, long beach, CA 94259"
444,brian,gray,(258)001-0618,"1802 willow way, fremont, CA 92879"
445,margaret,castillo,(443)009-1093,"9920 poplar ave, san francisco, CA 95800"
446,jessica,lopez,(926)921-2447,"1340 poplar ave, fremont, CA 92264"
447,maria,diaz,(542)140-6650,"4330 lake dr, fresno, CA 93609"
448,david,morales,(396)271-2863,"1840 valley rd, bakersfield, CA 90846"
449,robert,martinez,(194)707-2006,"4465 cedar ln, santa ana, CA 93205"
450,justin,smith,(877)661-8306,"7998 maple dr, glendale, CA 94385"
451,george,nelson,(460)158-5174,"3427 pine rd, modesto, CA 90322"
452,ronald,james,(346)157-1732,"684 washington blvd, riverside, CA 95896"
453,scott,walker,(761)847-8700,"5658 oak ave, santa ana, CA 95906"
454,jennifer,phillips,(138)782-9310,"2419 spring st, riverside, CA 93860"
455,benjamin,garcia,(320)204-1792,"9783 elm st, san francisco, CA 90935"
456,nicholas,kim,(931)365-6519,"9043 cedar ln, santa ana, CA 91746"
457,jerry,garcia,(925)114-2625,"9167 pine rd, fremont, CA 91995"
458,pamela,garcia,(219)620-7100,"3039 elm st, glendale, CA 92324"
459,jason,ruiz,(723)248-7632,"716 birch dr, fresno, CA 95875"
460,nicholas,ward,(145)608-3318,"1667 birch dr, irvine, CA 94421"
461,amy,lewis,(734)031-2772,"2717 willow way, los angeles, CA 90442"
462,samantha,campbell,(436)459-7010,"8904 pine rd, fresno, CA 90238"
463,kathleen,rogers,(113)799-5635,"3869 magnolia blvd, san francisco, CA 92671"
464,donald,gonzalez,(363)631-7970,"7241 cedar ln, long beach, CA 94992"
465,laura,thompson,(652)735-4352,"625 aspen ct, glendale, CA 90488"
466,andrew,moore,(177)625-3492,"2884 walnut st, modesto, CA 91881"
467,barbara,evans,(873)977-4063,"4160 forest rd, stockton, CA 94746"
468,margaret,ramos,(290)600-7806,"8801 sunset blvd, moreno valley, CA 95706"
469,richard,edwards,(731)806-3254,"4016 poplar ave, san diego, CA 90130"
470,gary,bennett,(427)990-7726,"3130 river rd, fremont, CA 95766"
471,samuel,smith,(165)804-6498,"9524 washington blvd, san diego, CA 95082"
472,michelle,patel,(085)016-5790,"6089 river rd, fresno, CA 95309"
473,larry,price,(183)253-8179,"3537 magnolia blvd, oakland, CA 92625"
474,george,wright,(864)015-5778,"8729 maple dr, moreno valley, CA 95814"
475,shirley,gray,(847)951-3711,"6500 pine rd, anaheim, CA 90630"
476,susan,perez,(412)723-8046,"8970 cedar ln, moreno valley, CA 92840"
477,jason,cruz,(043)103-8569,"5716 poplar ave, santa ana, CA 93982"
478,scott,bennett,(887)749-2424,"3815 spring st, irvine, CA 92360"
479,maria,miller,(254)729-2842,"2973 aspen ct, sacramento, CA 91320"
480,sandra,anderson,(059)274-5238,"668 willow way, santa ana, CA 92816"
481,charles,mitchell,(782)841-0672,"7604 forest rd, sacramento, CA 90035"
482,janet,cooper,(854)749-2975,"1940 juniper rd, moreno valley, CA 90328"
483,sarah,gray,(814)069-3751,"5447 oak ave, huntington beach, CA 95253"
484,nancy,howard,(834)301-8718,"6562 washington blvd, moreno valley, CA 92603"
485,brandon,cox,(805)626-5650,"4763 river rd, irvine, CA 92523"
486,ryan,bailey,(137)674-2662,"9720 birch dr, san diego, CA 91176"
487,betty,hill,(785)196-1064,"6891 pine rd, modesto, CA 93785"
488,rachel,reed,(232)648-7049,"5079 spring st, modesto, CA 93796"
489,margaret,brown,(024)471-4627,"4109 main st, san francisco, CA 92270"
490,nicholas,rodriguez,(959)796-4715,"8497 juniper rd, glendale, CA 90143"
491,paul,lee,(902)572-5204,"6017 highland ave, irvine, CA 90399"
492,joshua,nguyen,(818)321-9285,"5280 willow way, anaheim, CA 92223"
493,frank,hughes,(518)952-0284,"6211 magnolia blvd, moreno valley, CA 93375"
494,brian,lee,(132)833-8988,"9129 aspen ct, san francisco, CA 93418"
495,laura,martinez,(120)754-5279,"8670 magnolia blvd, santa ana, CA 91410"
496,rachel,hill,(013)223-4232,"1387 highland ave, san francisco, CA 90636"
497,john,jimenez,(760)310-8907,"2048 lake dr, los angeles, CA 90542"
498,emily,bennett,(011)939-3250,"1587 cedar ln, bakersfield, CA 94749"
499,carol,rivera,(289)389-1190,"8764 washington blvd, long beach, CA 92308"
